country,alpha_2_code,alpha_3_code,numeric_code,indicator,time_period,obs_value,sex,unit_multiplier,unit_of_measure,observation_status,observation_confidentaility,time_period_activity_related_to_when_the_data_are_collected,current_age
Afghanistan,AF,AFG,4,Percentage of children (aged 1-14 years) who experienced any physical punishment and/or psychological aggression by caregivers,2023,87.2,Female,,%,Reported,Free,End of fieldwork,1 to 14 years old
Afghanistan,AF,AFG,4,Percentage of children (aged 1-14 years) who experienced any physical punishment and/or psychological aggression by caregivers,2023,87.9,Male,,%,Reported,Free,End of fieldwork,1 to 14 years old
Afghanistan,AF,AFG,4,Percentage of children (aged 1-14 years) who experienced any physical punishment and/or psychological aggression by caregivers,2023,87.6,Total,,%,Reported,Free,End of fieldwork,1 to 14 years old
Algeria,DZ,DZA,12,Percentage of children (aged 1-14 years) who experienced any physical punishment and/or psychological aggression by caregivers,2019,83,Female,,%,Reported,Free,End of fieldwork,1 to 14 years old
Algeria,DZ,DZA,12,Percentage of children (aged 1-14 years) who experienced any physical punishment and/or psychological aggression by caregivers,2019,85.1,Male,,%,Reported,Free,End of fieldwork,1 to 14 years old
Algeria,DZ,DZA,12,Percentage of children (aged 1-14 years) who experienced any physical punishment and/or psychological aggression by caregivers,2019,84.1,Total,,%,Reported,Free,End of fieldwork,1 to 14 years old
Argentina,AR,ARG,32,Percentage of children (aged 1-14 years) who experienced any physical punishment and/or psychological aggression by caregivers,2020,58.3,Female,,%,Reported,Free,End of fieldwork,1 to 14 years old
Argentina,AR,ARG,32,Percentage of children (aged 1-14 years) who experienced any physical punishment and/or psychological aggression by caregivers,2020,60.4,Male,,%,Reported,Free,End of fieldwork,1 to 14 years old
Argentina,AR,ARG,32,Percentage of children (aged 1-14 years) who experienced any physical punishment and/or psychological aggression by caregivers,2020,59.4,Total,,%,Reported,Free,End of fieldwork,1 to 14 years old
Armenia,AM,ARM,51,Percentage of children (aged 1-14 years) who experienced any physical punishment and/or psychological aggression by caregivers,2016,66.8,Female,,%,Reported,Free,End of fieldwork,1 to 14 years old
Armenia,AM,ARM,51,Percentage of children (aged 1-14 years) who experienced any physical punishment and/or psychological aggression by caregivers,2016,70.8,Male,,%,Reported,Free,End of fieldwork,1 to 14 years old
Armenia,AM,ARM,51,Percentage of children (aged 1-14 years) who experienced any physical punishment and/or psychological aggression by caregivers,2016,68.9,Total,,%,Reported,Free,End of fieldwork,1 to 14 years old
Azerbaijan,AZ,AZE,31,Percentage of children (aged 1-14 years) who experienced any physical punishment and/or psychological aggression by caregivers,2023,60.3,Female,,%,Reported,Free,End of fieldwork,1 to 14 years old
Azerbaijan,AZ,AZE,31,Percentage of children (aged 1-14 years) who experienced any physical punishment and/or psychological aggression by caregivers,2023,65.3,Male,,%,Reported,Free,End of fieldwork,1 to 14 years old
Azerbaijan,AZ,AZE,31,Percentage of children (aged 1-14 years) who experienced any physical punishment and/or psychological aggression by caregivers,2023,63,Total,,%,Reported,Free,End of fieldwork,1 to 14 years old
Bangladesh,BD,BGD,50,Percentage of children (aged 1-14 years) who experienced any physical punishment and/or psychological aggression by caregivers,2019,88.5,Female,,%,Reported,Free,End of fieldwork,1 to 14 years old
Bangladesh,BD,BGD,50,Percentage of children (aged 1-14 years) who experienced any physical punishment and/or psychological aggression by caregivers,2019,89.2,Male,,%,Reported,Free,End of fieldwork,1 to 14 years old
Bangladesh,BD,BGD,50,Percentage of children (aged 1-14 years) who experienced any physical punishment and/or psychological aggression by caregivers,2019,88.8,Total,,%,Reported,Free,End of fieldwork,1 to 14 years old
Belarus,BY,BLR,112,Percentage of children (aged 1-14 years) who experienced any physical punishment and/or psychological aggression by caregivers,2019,54.6,Female,,%,Reported,Free,End of fieldwork,1 to 14 years old
Belarus,BY,BLR,112,Percentage of children (aged 1-14 years) who experienced any physical punishment and/or psychological aggression by caregivers,2019,59.2,Male,,%,Reported,Free,End of fieldwork,1 to 14 years old
Belarus,BY,BLR,112,Percentage of children (aged 1-14 years) who experienced any physical punishment and/or psychological aggression by caregivers,2019,57,Total,,%,Reported,Free,End of fieldwork,1 to 14 years old
Belize,BZ,BLZ,84,Percentage of children (aged 1-14 years) who experienced any physical punishment and/or psychological aggression by caregivers,2016,63.2,Female,,%,Reported,Free,End of fieldwork,1 to 14 years old
Belize,BZ,BLZ,84,Percentage of children (aged 1-14 years) who experienced any physical punishment and/or psychological aggression by caregivers,2016,66.9,Male,,%,Reported,Free,End of fieldwork,1 to 14 years old
Belize,BZ,BLZ,84,Percentage of children (aged 1-14 years) who experienced any physical punishment and/or psychological aggression by caregivers,2016,65.1,Total,,%,Reported,Free,End of fieldwork,1 to 14 years old
Benin,BJ,BEN,204,Percentage of children (aged 1-14 years) who experienced any physical punishment and/or psychological aggression by caregivers,2022,88.4,Female,,%,Reported,Free,End of fieldwork,1 to 14 years old
Benin,BJ,BEN,204,Percentage of children (aged 1-14 years) who experienced any physical punishment and/or psychological aggression by caregivers,2022,87.7,Male,,%,Reported,Free,End of fieldwork,1 to 14 years old
Benin,BJ,BEN,204,Percentage of children (aged 1-14 years) who experienced any physical punishment and/or psychological aggression by caregivers,2022,88,Total,,%,Reported,Free,End of fieldwork,1 to 14 years old
Burkina Faso,BF,BFA,854,Percentage of children (aged 1-14 years) who experienced any physical punishment and/or psychological aggression by caregivers,2021,74.8,Female,,%,Reported,Free,End of fieldwork,1 to 14 years old
Burkina Faso,BF,BFA,854,Percentage of children (aged 1-14 years) who experienced any physical punishment and/or psychological aggression by caregivers,2021,77.9,Male,,%,Reported,Free,End of fieldwork,1 to 14 years old
Burkina Faso,BF,BFA,854,Percentage of children (aged 1-14 years) who experienced any physical punishment and/or psychological aggression by caregivers,2021,76.3,Total,,%,Reported,Free,End of fieldwork,1 to 14 years old
Burundi,BI,BDI,108,Percentage of children (aged 1-14 years) who experienced any physical punishment and/or psychological aggression by caregivers,2017,88.6,Female,,%,Reported,Free,End of fieldwork,1 to 14 years old
Burundi,BI,BDI,108,Percentage of children (aged 1-14 years) who experienced any physical punishment and/or psychological aggression by caregivers,2017,90.6,Male,,%,Reported,Free,End of fieldwork,1 to 14 years old
Burundi,BI,BDI,108,Percentage of children (aged 1-14 years) who experienced any physical punishment and/or psychological aggression by caregivers,2017,89.6,Total,,%,Reported,Free,End of fieldwork,1 to 14 years old
Cambodia,KH,KHM,116,Percentage of children (aged 1-14 years) who experienced any physical punishment and/or psychological aggression by caregivers,2022,64.9,Female,,%,Reported,Free,End of fieldwork,1 to 14 years old
Cambodia,KH,KHM,116,Percentage of children (aged 1-14 years) who experienced any physical punishment and/or psychological aggression by caregivers,2022,67.8,Male,,%,Reported,Free,End of fieldwork,1 to 14 years old
Cambodia,KH,KHM,116,Percentage of children (aged 1-14 years) who experienced any physical punishment and/or psychological aggression by caregivers,2022,66.4,Total,,%,Reported,Free,End of fieldwork,1 to 14 years old
Cameroon,CM,CMR,120,Percentage of children (aged 1-14 years) who experienced any physical punishment and/or psychological aggression by caregivers,2014,84.8,Female,,%,Reported,Free,End of fieldwork,1 to 14 years old
Cameroon,CM,CMR,120,Percentage of children (aged 1-14 years) who experienced any physical punishment and/or psychological aggression by caregivers,2014,85.2,Male,,%,Reported,Free,End of fieldwork,1 to 14 years old
Cameroon,CM,CMR,120,Percentage of children (aged 1-14 years) who experienced any physical punishment and/or psychological aggression by caregivers,2014,85,Total,,%,Reported,Free,End of fieldwork,1 to 14 years old
Central African Republic,CF,CAF,140,Percentage of children (aged 1-14 years) who experienced any physical punishment and/or psychological aggression by caregivers,2019,89.9,Female,,%,Reported,Free,End of fieldwork,1 to 14 years old
Central African Republic,CF,CAF,140,Percentage of children (aged 1-14 years) who experienced any physical punishment and/or psychological aggression by caregivers,2019,90.1,Male,,%,Reported,Free,End of fieldwork,1 to 14 years old
Central African Republic,CF,CAF,140,Percentage of children (aged 1-14 years) who experienced any physical punishment and/or psychological aggression by caregivers,2019,90,Total,,%,Reported,Free,End of fieldwork,1 to 14 years old
Chad,TD,TCD,148,Percentage of children (aged 1-14 years) who experienced any physical punishment and/or psychological aggression by caregivers,2019,85.6,Female,,%,Reported,Free,End of fieldwork,1 to 14 years old
Chad,TD,TCD,148,Percentage of children (aged 1-14 years) who experienced any physical punishment and/or psychological aggression by caregivers,2019,85,Male,,%,Reported,Free,End of fieldwork,1 to 14 years old
Chad,TD,TCD,148,Percentage of children (aged 1-14 years) who experienced any physical punishment and/or psychological aggression by caregivers,2019,85.3,Total,,%,Reported,Free,End of fieldwork,1 to 14 years old
Chile,CL,CHL,152,Percentage of children (aged 1-14 years) who experienced any physical punishment and/or psychological aggression by caregivers,2017,61.1,Female,,%,Reanalysed,Free,End of fieldwork,5 to 12 years old
Chile,CL,CHL,152,Percentage of children (aged 1-14 years) who experienced any physical punishment and/or psychological aggression by caregivers,2017,63.9,Male,,%,Reanalysed,Free,End of fieldwork,5 to 12 years old
Chile,CL,CHL,152,Percentage of children (aged 1-14 years) who experienced any physical punishment and/or psychological aggression by caregivers,2017,62.5,Total,,%,Reanalysed,Free,End of fieldwork,5 to 12 years old
Comoros,KM,COM,174,Percentage of children (aged 1-14 years) who experienced any physical punishment and/or psychological aggression by caregivers,2022,65.2,Female,,%,Reported,Free,End of fieldwork,1 to 14 years old
Comoros,KM,COM,174,Percentage of children (aged 1-14 years) who experienced any physical punishment and/or psychological aggression by caregivers,2022,68.8,Male,,%,Reported,Free,End of fieldwork,1 to 14 years old
Comoros,KM,COM,174,Percentage of children (aged 1-14 years) who experienced any physical punishment and/or psychological aggression by caregivers,2022,67,Total,,%,Reported,Free,End of fieldwork,1 to 14 years old
Congo,CG,COG,178,Percentage of children (aged 1-14 years) who experienced any physical punishment and/or psychological aggression by caregivers,2015,81.7,Female,,%,Reported,Free,End of fieldwork,1 to 14 years old
Congo,CG,COG,178,Percentage of children (aged 1-14 years) who experienced any physical punishment and/or psychological aggression by caregivers,2015,83.3,Male,,%,Reported,Free,End of fieldwork,1 to 14 years old
Congo,CG,COG,178,Percentage of children (aged 1-14 years) who experienced any physical punishment and/or psychological aggression by caregivers,2015,82.5,Total,,%,Reported,Free,End of fieldwork,1 to 14 years old
Costa Rica,CR,CRI,188,Percentage of children (aged 1-14 years) who experienced any physical punishment and/or psychological aggression by caregivers,2018,48.9,Female,,%,Reported,Free,End of fieldwork,1 to 14 years old
Costa Rica,CR,CRI,188,Percentage of children (aged 1-14 years) who experienced any physical punishment and/or psychological aggression by caregivers,2018,49.6,Male,,%,Reported,Free,End of fieldwork,1 to 14 years old
Costa Rica,CR,CRI,188,Percentage of children (aged 1-14 years) who experienced any physical punishment and/or psychological aggression by caregivers,2018,49.3,Total,,%,Reported,Free,End of fieldwork,1 to 14 years old
Cuba,CU,CUB,192,Percentage of children (aged 1-14 years) who experienced any physical punishment and/or psychological aggression by caregivers,2019,39.8,Female,,%,Reported,Free,End of fieldwork,1 to 14 years old
Cuba,CU,CUB,192,Percentage of children (aged 1-14 years) who experienced any physical punishment and/or psychological aggression by caregivers,2019,43.4,Male,,%,Reported,Free,End of fieldwork,1 to 14 years old
Cuba,CU,CUB,192,Percentage of children (aged 1-14 years) who experienced any physical punishment and/or psychological aggression by caregivers,2019,41.6,Total,,%,Reported,Free,End of fieldwork,1 to 14 years old
Ivory Coast,CI,CIV,384,Percentage of children (aged 1-14 years) who experienced any physical punishment and/or psychological aggression by caregivers,2021,74.6,Female,,%,Reported,Free,End of fieldwork,1 to 14 years old
Ivory Coast,CI,CIV,384,Percentage of children (aged 1-14 years) who experienced any physical punishment and/or psychological aggression by caregivers,2021,75.6,Male,,%,Reported,Free,End of fieldwork,1 to 14 years old
Ivory Coast,CI,CIV,384,Percentage of children (aged 1-14 years) who experienced any physical punishment and/or psychological aggression by caregivers,2021,75.1,Total,,%,Reported,Free,End of fieldwork,1 to 14 years old
"Korea, Democratic People's Republic of",KP,PRK,408,Percentage of children (aged 1-14 years) who experienced any physical punishment and/or psychological aggression by caregivers,2017,55.4,Female,,%,Reported,Free,End of fieldwork,1 to 14 years old
"Korea, Democratic People's Republic of",KP,PRK,408,Percentage of children (aged 1-14 years) who experienced any physical punishment and/or psychological aggression by caregivers,2017,62.9,Male,,%,Reported,Free,End of fieldwork,1 to 14 years old
"Korea, Democratic People's Republic of",KP,PRK,408,Percentage of children (aged 1-14 years) who experienced any physical punishment and/or psychological aggression by caregivers,2017,59.2,Total,,%,Reported,Free,End of fieldwork,1 to 14 years old
"Congo, the Democratic Republic of the",CD,COD,180,Percentage of children (aged 1-14 years) who experienced any physical punishment and/or psychological aggression by caregivers,2018,88.1,Female,,%,Reported,Free,End of fieldwork,1 to 14 years old
"Congo, the Democratic Republic of the",CD,COD,180,Percentage of children (aged 1-14 years) who experienced any physical punishment and/or psychological aggression by caregivers,2018,89.6,Male,,%,Reported,Free,End of fieldwork,1 to 14 years old
"Congo, the Democratic Republic of the",CD,COD,180,Percentage of children (aged 1-14 years) who experienced any physical punishment and/or psychological aggression by caregivers,2018,88.8,Total,,%,Reported,Free,End of fieldwork,1 to 14 years old
Dominican Republic,DO,DOM,214,Percentage of children (aged 1-14 years) who experienced any physical punishment and/or psychological aggression by caregivers,2019,62.2,Female,,%,Reported,Free,End of fieldwork,1 to 14 years old
Dominican Republic,DO,DOM,214,Percentage of children (aged 1-14 years) who experienced any physical punishment and/or psychological aggression by caregivers,2019,64.7,Male,,%,Reported,Free,End of fieldwork,1 to 14 years old
Dominican Republic,DO,DOM,214,Percentage of children (aged 1-14 years) who experienced any physical punishment and/or psychological aggression by caregivers,2019,63.5,Total,,%,Reported,Free,End of fieldwork,1 to 14 years old
Egypt,EG,EGY,818,Percentage of children (aged 1-14 years) who experienced any physical punishment and/or psychological aggression by caregivers,2021,81.3,Female,,%,Reported,Free,End of fieldwork,1 to 14 years old
Egypt,EG,EGY,818,Percentage of children (aged 1-14 years) who experienced any physical punishment and/or psychological aggression by caregivers,2021,84.4,Male,,%,Reported,Free,End of fieldwork,1 to 14 years old
Egypt,EG,EGY,818,Percentage of children (aged 1-14 years) who experienced any physical punishment and/or psychological aggression by caregivers,2021,82.9,Total,,%,Reported,Free,End of fieldwork,1 to 14 years old
El Salvador,SV,SLV,222,Percentage of children (aged 1-14 years) who experienced any physical punishment and/or psychological aggression by caregivers,2021,52.4,Female,,%,Reported,Free,End of fieldwork,1 to 14 years old
El Salvador,SV,SLV,222,Percentage of children (aged 1-14 years) who experienced any physical punishment and/or psychological aggression by caregivers,2021,56.6,Male,,%,Reported,Free,End of fieldwork,1 to 14 years old
El Salvador,SV,SLV,222,Percentage of children (aged 1-14 years) who experienced any physical punishment and/or psychological aggression by caregivers,2021,54.5,Total,,%,Reported,Free,End of fieldwork,1 to 14 years old
Swaziland,SZ,SWZ,748,Percentage of children (aged 1-14 years) who experienced any physical punishment and/or psychological aggression by caregivers,2022,77.8,Female,,%,Reported,Free,End of fieldwork,1 to 14 years old
Swaziland,SZ,SWZ,748,Percentage of children (aged 1-14 years) who experienced any physical punishment and/or psychological aggression by caregivers,2022,81.1,Male,,%,Reported,Free,End of fieldwork,1 to 14 years old
Swaziland,SZ,SWZ,748,Percentage of children (aged 1-14 years) who experienced any physical punishment and/or psychological aggression by caregivers,2022,79.4,Total,,%,Reported,Free,End of fieldwork,1 to 14 years old
Fiji,FJ,FJI,242,Percentage of children (aged 1-14 years) who experienced any physical punishment and/or psychological aggression by caregivers,2021,79,Female,,%,Reported,Free,End of fieldwork,1 to 14 years old
Fiji,FJ,FJI,242,Percentage of children (aged 1-14 years) who experienced any physical punishment and/or psychological aggression by caregivers,2021,81.9,Male,,%,Reported,Free,End of fieldwork,1 to 14 years old
Fiji,FJ,FJI,242,Percentage of children (aged 1-14 years) who experienced any physical punishment and/or psychological aggression by caregivers,2021,80.5,Total,,%,Reported,Free,End of fieldwork,1 to 14 years old
Gabon,GA,GAB,266,Percentage of children (aged 1-14 years) who experienced any physical punishment and/or psychological aggression by caregivers,2021,79,Female,,%,Reported,Free,End of fieldwork,1 to 14 years old
Gabon,GA,GAB,266,Percentage of children (aged 1-14 years) who experienced any physical punishment and/or psychological aggression by caregivers,2021,83.1,Male,,%,Reported,Free,End of fieldwork,1 to 14 years old
Gabon,GA,GAB,266,Percentage of children (aged 1-14 years) who experienced any physical punishment and/or psychological aggression by caregivers,2021,81,Total,,%,Reported,Free,End of fieldwork,1 to 14 years old
Gambia,GM,GMB,270,Percentage of children (aged 1-14 years) who experienced any physical punishment and/or psychological aggression by caregivers,2018,88.4,Female,,%,Reported,Free,End of fieldwork,1 to 14 years old
Gambia,GM,GMB,270,Percentage of children (aged 1-14 years) who experienced any physical punishment and/or psychological aggression by caregivers,2018,90,Male,,%,Reported,Free,End of fieldwork,1 to 14 years old
Gambia,GM,GMB,270,Percentage of children (aged 1-14 years) who experienced any physical punishment and/or psychological aggression by caregivers,2018,89.2,Total,,%,Reported,Free,End of fieldwork,1 to 14 years old
Georgia,GE,GEO,268,Percentage of children (aged 1-14 years) who experienced any physical punishment and/or psychological aggression by caregivers,2018,66.5,Female,,%,Reported,Free,End of fieldwork,1 to 14 years old
Georgia,GE,GEO,268,Percentage of children (aged 1-14 years) who experienced any physical punishment and/or psychological aggression by caregivers,2018,71,Male,,%,Reported,Free,End of fieldwork,1 to 14 years old
Georgia,GE,GEO,268,Percentage of children (aged 1-14 years) who experienced any physical punishment and/or psychological aggression by caregivers,2018,68.8,Total,,%,Reported,Free,End of fieldwork,1 to 14 years old
Ghana,GH,GHA,288,Percentage of children (aged 1-14 years) who experienced any physical punishment and/or psychological aggression by caregivers,2018,93.8,Female,,%,Reported,Free,End of fieldwork,1 to 14 years old
Ghana,GH,GHA,288,Percentage of children (aged 1-14 years) who experienced any physical punishment and/or psychological aggression by caregivers,2018,94.1,Male,,%,Reported,Free,End of fieldwork,1 to 14 years old
Ghana,GH,GHA,288,Percentage of children (aged 1-14 years) who experienced any physical punishment and/or psychological aggression by caregivers,2018,94,Total,,%,Reported,Free,End of fieldwork,1 to 14 years old
Guinea,GN,GIN,324,Percentage of children (aged 1-14 years) who experienced any physical punishment and/or psychological aggression by caregivers,2016,88.8,Female,,%,Reported,Free,End of fieldwork,1 to 14 years old
Guinea,GN,GIN,324,Percentage of children (aged 1-14 years) who experienced any physical punishment and/or psychological aggression by caregivers,2016,89.5,Male,,%,Reported,Free,End of fieldwork,1 to 14 years old
Guinea,GN,GIN,324,Percentage of children (aged 1-14 years) who experienced any physical punishment and/or psychological aggression by caregivers,2016,89.1,Total,,%,Reported,Free,End of fieldwork,1 to 14 years old
Guinea-Bissau,GW,GNB,624,Percentage of children (aged 1-14 years) who experienced any physical punishment and/or psychological aggression by caregivers,2019,76.2,Female,,%,Reported,Free,End of fieldwork,1 to 14 years old
Guinea-Bissau,GW,GNB,624,Percentage of children (aged 1-14 years) who experienced any physical punishment and/or psychological aggression by caregivers,2019,75.4,Male,,%,Reported,Free,End of fieldwork,1 to 14 years old
Guinea-Bissau,GW,GNB,624,Percentage of children (aged 1-14 years) who experienced any physical punishment and/or psychological aggression by caregivers,2019,75.8,Total,,%,Reported,Free,End of fieldwork,1 to 14 years old
Guyana,GY,GUY,328,Percentage of children (aged 1-14 years) who experienced any physical punishment and/or psychological aggression by caregivers,2020,70.2,Female,,%,Reported,Free,End of fieldwork,1 to 14 years old
Guyana,GY,GUY,328,Percentage of children (aged 1-14 years) who experienced any physical punishment and/or psychological aggression by caregivers,2020,74.9,Male,,%,Reported,Free,End of fieldwork,1 to 14 years old
Guyana,GY,GUY,328,Percentage of children (aged 1-14 years) who experienced any physical punishment and/or psychological aggression by caregivers,2020,72.5,Total,,%,Reported,Free,End of fieldwork,1 to 14 years old
Haiti,HT,HTI,332,Percentage of children (aged 1-14 years) who experienced any physical punishment and/or psychological aggression by caregivers,2017,82.3,Female,,%,Reanalysed,Free,End of fieldwork,1 to 14 years old
Haiti,HT,HTI,332,Percentage of children (aged 1-14 years) who experienced any physical punishment and/or psychological aggression by caregivers,2017,84.2,Male,,%,Reanalysed,Free,End of fieldwork,1 to 14 years old
Haiti,HT,HTI,332,Percentage of children (aged 1-14 years) who experienced any physical punishment and/or psychological aggression by caregivers,2017,83.2,Total,,%,Reanalysed,Free,End of fieldwork,1 to 14 years old
Honduras,HN,HND,340,Percentage of children (aged 1-14 years) who experienced any physical punishment and/or psychological aggression by caregivers,2019,60.6,Female,,%,Reported,Free,End of fieldwork,1 to 14 years old
Honduras,HN,HND,340,Percentage of children (aged 1-14 years) who experienced any physical punishment and/or psychological aggression by caregivers,2019,64.2,Male,,%,Reported,Free,End of fieldwork,1 to 14 years old
Honduras,HN,HND,340,Percentage of children (aged 1-14 years) who experienced any physical punishment and/or psychological aggression by caregivers,2019,62.5,Total,,%,Reported,Free,End of fieldwork,1 to 14 years old
Iraq,IQ,IRQ,368,Percentage of children (aged 1-14 years) who experienced any physical punishment and/or psychological aggression by caregivers,2018,79.8,Female,,%,Reported,Free,End of fieldwork,1 to 14 years old
Iraq,IQ,IRQ,368,Percentage of children (aged 1-14 years) who experienced any physical punishment and/or psychological aggression by caregivers,2018,82.1,Male,,%,Reported,Free,End of fieldwork,1 to 14 years old
Iraq,IQ,IRQ,368,Percentage of children (aged 1-14 years) who experienced any physical punishment and/or psychological aggression by caregivers,2018,80.9,Total,,%,Reported,Free,End of fieldwork,1 to 14 years old
Jamaica,JM,JAM,388,Percentage of children (aged 1-14 years) who experienced any physical punishment and/or psychological aggression by caregivers,2022,75.6,Female,,%,Reported,Free,End of fieldwork,1 to 14 years old
Jamaica,JM,JAM,388,Percentage of children (aged 1-14 years) who experienced any physical punishment and/or psychological aggression by caregivers,2022,76.5,Male,,%,Reported,Free,End of fieldwork,1 to 14 years old
Jamaica,JM,JAM,388,Percentage of children (aged 1-14 years) who experienced any physical punishment and/or psychological aggression by caregivers,2022,76,Total,,%,Reported,Free,End of fieldwork,1 to 14 years old
Jordan,JO,JOR,400,Percentage of children (aged 1-14 years) who experienced any physical punishment and/or psychological aggression by caregivers,2023,72.8,Female,,%,Reported,Free,End of fieldwork,1 to 14 years old
Jordan,JO,JOR,400,Percentage of children (aged 1-14 years) who experienced any physical punishment and/or psychological aggression by caregivers,2023,76.7,Male,,%,Reported,Free,End of fieldwork,1 to 14 years old
Jordan,JO,JOR,400,Percentage of children (aged 1-14 years) who experienced any physical punishment and/or psychological aggression by caregivers,2023,74.8,Total,,%,Reported,Free,End of fieldwork,1 to 14 years old
Kazakhstan,KZ,KAZ,398,Percentage of children (aged 1-14 years) who experienced any physical punishment and/or psychological aggression by caregivers,2015,49.9,Female,,%,Reported,Free,End of fieldwork,1 to 14 years old
Kazakhstan,KZ,KAZ,398,Percentage of children (aged 1-14 years) who experienced any physical punishment and/or psychological aggression by caregivers,2015,55.2,Male,,%,Reported,Free,End of fieldwork,1 to 14 years old
Kazakhstan,KZ,KAZ,398,Percentage of children (aged 1-14 years) who experienced any physical punishment and/or psychological aggression by caregivers,2015,52.7,Total,,%,Reported,Free,End of fieldwork,1 to 14 years old
Kiribati,KI,KIR,296,Percentage of children (aged 1-14 years) who experienced any physical punishment and/or psychological aggression by caregivers,2019,92.4,Female,,%,Reported,Free,End of fieldwork,1 to 14 years old
Kiribati,KI,KIR,296,Percentage of children (aged 1-14 years) who experienced any physical punishment and/or psychological aggression by caregivers,2019,91.8,Male,,%,Reported,Free,End of fieldwork,1 to 14 years old
Kiribati,KI,KIR,296,Percentage of children (aged 1-14 years) who experienced any physical punishment and/or psychological aggression by caregivers,2019,92.1,Total,,%,Reported,Free,End of fieldwork,1 to 14 years old
Kyrgyzstan,KG,KGZ,417,Percentage of children (aged 1-14 years) who experienced any physical punishment and/or psychological aggression by caregivers,2023,60.7,Female,,%,Reported,Free,End of fieldwork,1 to 14 years old
Kyrgyzstan,KG,KGZ,417,Percentage of children (aged 1-14 years) who experienced any physical punishment and/or psychological aggression by caregivers,2023,69,Male,,%,Reported,Free,End of fieldwork,1 to 14 years old
Kyrgyzstan,KG,KGZ,417,Percentage of children (aged 1-14 years) who experienced any physical punishment and/or psychological aggression by caregivers,2023,64.9,Total,,%,Reported,Free,End of fieldwork,1 to 14 years old
Lao People's Democratic Republic,LA,LAO,418,Percentage of children (aged 1-14 years) who experienced any physical punishment and/or psychological aggression by caregivers,2023,60.4,Female,,%,Reported,Free,End of fieldwork,1 to 14 years old
Lao People's Democratic Republic,LA,LAO,418,Percentage of children (aged 1-14 years) who experienced any physical punishment and/or psychological aggression by caregivers,2023,64.1,Male,,%,Reported,Free,End of fieldwork,1 to 14 years old
Lao People's Democratic Republic,LA,LAO,418,Percentage of children (aged 1-14 years) who experienced any physical punishment and/or psychological aggression by caregivers,2023,62.3,Total,,%,Reported,Free,End of fieldwork,1 to 14 years old
Lebanon,LB,LBN,422,Percentage of children (aged 1-14 years) who experienced any physical punishment and/or psychological aggression by caregivers,2016,53.8,Female,,%,Reported,Free,End of fieldwork,1 to 14 years old
Lebanon,LB,LBN,422,Percentage of children (aged 1-14 years) who experienced any physical punishment and/or psychological aggression by caregivers,2016,59.9,Male,,%,Reported,Free,End of fieldwork,1 to 14 years old
Lebanon,LB,LBN,422,Percentage of children (aged 1-14 years) who experienced any physical punishment and/or psychological aggression by caregivers,2016,56.9,Total,,%,Reported,Free,End of fieldwork,1 to 14 years old
Lesotho,LS,LSO,426,Percentage of children (aged 1-14 years) who experienced any physical punishment and/or psychological aggression by caregivers,2018,75,Female,,%,Reported,Free,End of fieldwork,1 to 14 years old
Lesotho,LS,LSO,426,Percentage of children (aged 1-14 years) who experienced any physical punishment and/or psychological aggression by caregivers,2018,76.6,Male,,%,Reported,Free,End of fieldwork,1 to 14 years old
Lesotho,LS,LSO,426,Percentage of children (aged 1-14 years) who experienced any physical punishment and/or psychological aggression by caregivers,2018,75.8,Total,,%,Reported,Free,End of fieldwork,1 to 14 years old
Liberia,LR,LBR,430,Percentage of children (aged 1-14 years) who experienced any physical punishment and/or psychological aggression by caregivers,2020,85.1,Female,,%,Reported,Free,End of fieldwork,1 to 14 years old
Liberia,LR,LBR,430,Percentage of children (aged 1-14 years) who experienced any physical punishment and/or psychological aggression by caregivers,2020,85.2,Male,,%,Reported,Free,End of fieldwork,1 to 14 years old
Liberia,LR,LBR,430,Percentage of children (aged 1-14 years) who experienced any physical punishment and/or psychological aggression by caregivers,2020,85.2,Total,,%,Reported,Free,End of fieldwork,1 to 14 years old
Madagascar,MG,MDG,450,Percentage of children (aged 1-14 years) who experienced any physical punishment and/or psychological aggression by caregivers,2018,85,Female,,%,Reported,Free,End of fieldwork,1 to 14 years old
Madagascar,MG,MDG,450,Percentage of children (aged 1-14 years) who experienced any physical punishment and/or psychological aggression by caregivers,2018,87,Male,,%,Reported,Free,End of fieldwork,1 to 14 years old
Madagascar,MG,MDG,450,Percentage of children (aged 1-14 years) who experienced any physical punishment and/or psychological aggression by caregivers,2018,86,Total,,%,Reported,Free,End of fieldwork,1 to 14 years old
Malawi,MW,MWI,454,Percentage of children (aged 1-14 years) who experienced any physical punishment and/or psychological aggression by caregivers,2020,81.8,Female,,%,Reported,Free,End of fieldwork,1 to 14 years old
Malawi,MW,MWI,454,Percentage of children (aged 1-14 years) who experienced any physical punishment and/or psychological aggression by caregivers,2020,82.3,Male,,%,Reported,Free,End of fieldwork,1 to 14 years old
Malawi,MW,MWI,454,Percentage of children (aged 1-14 years) who experienced any physical punishment and/or psychological aggression by caregivers,2020,82.1,Total,,%,Reported,Free,End of fieldwork,1 to 14 years old
Malaysia,MY,MYS,458,Percentage of children (aged 1-14 years) who experienced any physical punishment and/or psychological aggression by caregivers,2022,65.6,Female,,%,Reported,Free,End of fieldwork,1 to 4 years old
Malaysia,MY,MYS,458,Percentage of children (aged 1-14 years) who experienced any physical punishment and/or psychological aggression by caregivers,2022,67.6,Male,,%,Reported,Free,End of fieldwork,1 to 4 years old
Malaysia,MY,MYS,458,Percentage of children (aged 1-14 years) who experienced any physical punishment and/or psychological aggression by caregivers,2022,66.6,Total,,%,Reported,Free,End of fieldwork,1 to 4 years old
Mali,ML,MLI,466,Percentage of children (aged 1-14 years) who experienced any physical punishment and/or psychological aggression by caregivers,2015,72.5,Female,,%,Reported,Free,End of fieldwork,1 to 14 years old
Mali,ML,MLI,466,Percentage of children (aged 1-14 years) who experienced any physical punishment and/or psychological aggression by caregivers,2015,72.8,Male,,%,Reported,Free,End of fieldwork,1 to 14 years old
Mali,ML,MLI,466,Percentage of children (aged 1-14 years) who experienced any physical punishment and/or psychological aggression by caregivers,2015,72.7,Total,,%,Reported,Free,End of fieldwork,1 to 14 years old
Mauritania,MR,MRT,478,Percentage of children (aged 1-14 years) who experienced any physical punishment and/or psychological aggression by caregivers,2015,80,Female,,%,Reported,Free,End of fieldwork,1 to 14 years old
Mauritania,MR,MRT,478,Percentage of children (aged 1-14 years) who experienced any physical punishment and/or psychological aggression by caregivers,2015,80.1,Male,,%,Reported,Free,End of fieldwork,1 to 14 years old
Mauritania,MR,MRT,478,Percentage of children (aged 1-14 years) who experienced any physical punishment and/or psychological aggression by caregivers,2015,80,Total,,%,Reported,Free,End of fieldwork,1 to 14 years old
Mexico,MX,MEX,484,Percentage of children (aged 1-14 years) who experienced any physical punishment and/or psychological aggression by caregivers,2023,47.5,Female,,%,Reported,Free,End of fieldwork,1 to 14 years old
Mexico,MX,MEX,484,Percentage of children (aged 1-14 years) who experienced any physical punishment and/or psychological aggression by caregivers,2023,56.1,Male,,%,Reported,Free,End of fieldwork,1 to 14 years old
Mexico,MX,MEX,484,Percentage of children (aged 1-14 years) who experienced any physical punishment and/or psychological aggression by caregivers,2023,52,Total,,%,Reported,Free,End of fieldwork,1 to 14 years old
Mongolia,MN,MNG,496,Percentage of children (aged 1-14 years) who experienced any physical punishment and/or psychological aggression by caregivers,2023,41.2,Female,,%,Reported,Free,End of fieldwork,1 to 14 years old
Mongolia,MN,MNG,496,Percentage of children (aged 1-14 years) who experienced any physical punishment and/or psychological aggression by caregivers,2023,46.9,Male,,%,Reported,Free,End of fieldwork,1 to 14 years old
Mongolia,MN,MNG,496,Percentage of children (aged 1-14 years) who experienced any physical punishment and/or psychological aggression by caregivers,2023,44.2,Total,,%,Reported,Free,End of fieldwork,1 to 14 years old
Montenegro,ME,MNE,499,Percentage of children (aged 1-14 years) who experienced any physical punishment and/or psychological aggression by caregivers,2018,65.5,Female,,%,Reported,Free,End of fieldwork,1 to 14 years old
Montenegro,ME,MNE,499,Percentage of children (aged 1-14 years) who experienced any physical punishment and/or psychological aggression by caregivers,2018,66.1,Male,,%,Reported,Free,End of fieldwork,1 to 14 years old
Montenegro,ME,MNE,499,Percentage of children (aged 1-14 years) who experienced any physical punishment and/or psychological aggression by caregivers,2018,65.8,Total,,%,Reported,Free,End of fieldwork,1 to 14 years old
Mozambique,MZ,MOZ,508,Percentage of children (aged 1-14 years) who experienced any physical punishment and/or psychological aggression by caregivers,2023,54,Female,,%,Reported,Free,End of fieldwork,1 to 14 years old
Mozambique,MZ,MOZ,508,Percentage of children (aged 1-14 years) who experienced any physical punishment and/or psychological aggression by caregivers,2023,56.9,Male,,%,Reported,Free,End of fieldwork,1 to 14 years old
Mozambique,MZ,MOZ,508,Percentage of children (aged 1-14 years) who experienced any physical punishment and/or psychological aggression by caregivers,2023,55.4,Total,,%,Reported,Free,End of fieldwork,1 to 14 years old
Nauru,NR,NRU,520,Percentage of children (aged 1-14 years) who experienced any physical punishment and/or psychological aggression by caregivers,2023,82.7,Female,,%,Reported,Free,End of fieldwork,1 to 14 years old
Nauru,NR,NRU,520,Percentage of children (aged 1-14 years) who experienced any physical punishment and/or psychological aggression by caregivers,2023,78.5,Male,,%,Reported,Free,End of fieldwork,1 to 14 years old
Nauru,NR,NRU,520,Percentage of children (aged 1-14 years) who experienced any physical punishment and/or psychological aggression by caregivers,2023,80.6,Total,,%,Reported,Free,End of fieldwork,1 to 14 years old
Nepal,NP,NPL,524,Percentage of children (aged 1-14 years) who experienced any physical punishment and/or psychological aggression by caregivers,2019,80.9,Female,,%,Reported,Free,End of fieldwork,1 to 14 years old
Nepal,NP,NPL,524,Percentage of children (aged 1-14 years) who experienced any physical punishment and/or psychological aggression by caregivers,2019,83,Male,,%,Reported,Free,End of fieldwork,1 to 14 years old
Nepal,NP,NPL,524,Percentage of children (aged 1-14 years) who experienced any physical punishment and/or psychological aggression by caregivers,2019,82,Total,,%,Reported,Free,End of fieldwork,1 to 14 years old
Nigeria,NG,NGA,566,Percentage of children (aged 1-14 years) who experienced any physical punishment and/or psychological aggression by caregivers,2021,90.4,Female,,%,Reported,Free,End of fieldwork,1 to 14 years old
Nigeria,NG,NGA,566,Percentage of children (aged 1-14 years) who experienced any physical punishment and/or psychological aggression by caregivers,2021,90.4,Male,,%,Reported,Free,End of fieldwork,1 to 14 years old
Nigeria,NG,NGA,566,Percentage of children (aged 1-14 years) who experienced any physical punishment and/or psychological aggression by caregivers,2021,90.4,Total,,%,Reported,Free,End of fieldwork,1 to 14 years old
"Macedonia, the former Yugoslav Republic of",MK,MKD,807,Percentage of children (aged 1-14 years) who experienced any physical punishment and/or psychological aggression by caregivers,2019,69.5,Female,,%,Reported,Free,End of fieldwork,1 to 14 years old
"Macedonia, the former Yugoslav Republic of",MK,MKD,807,Percentage of children (aged 1-14 years) who experienced any physical punishment and/or psychological aggression by caregivers,2019,75.6,Male,,%,Reported,Free,End of fieldwork,1 to 14 years old
"Macedonia, the former Yugoslav Republic of",MK,MKD,807,Percentage of children (aged 1-14 years) who experienced any physical punishment and/or psychological aggression by caregivers,2019,73.1,Total,,%,Reported,Free,End of fieldwork,1 to 14 years old
Panama,PA,PAN,591,Percentage of children (aged 1-14 years) who experienced any physical punishment and/or psychological aggression by caregivers,2013,42.8,Female,,%,Reported,Free,End of fieldwork,1 to 14 years old
Panama,PA,PAN,591,Percentage of children (aged 1-14 years) who experienced any physical punishment and/or psychological aggression by caregivers,2013,46.8,Male,,%,Reported,Free,End of fieldwork,1 to 14 years old
Panama,PA,PAN,591,Percentage of children (aged 1-14 years) who experienced any physical punishment and/or psychological aggression by caregivers,2013,44.9,Total,,%,Reported,Free,End of fieldwork,1 to 14 years old
Paraguay,PY,PRY,600,Percentage of children (aged 1-14 years) who experienced any physical punishment and/or psychological aggression by caregivers,2016,49.3,Female,,%,Reported,Free,End of fieldwork,1 to 14 years old
Paraguay,PY,PRY,600,Percentage of children (aged 1-14 years) who experienced any physical punishment and/or psychological aggression by caregivers,2016,54.8,Male,,%,Reported,Free,End of fieldwork,1 to 14 years old
Paraguay,PY,PRY,600,Percentage of children (aged 1-14 years) who experienced any physical punishment and/or psychological aggression by caregivers,2016,52.1,Total,,%,Reported,Free,End of fieldwork,1 to 14 years old
Philippines,PH,PHL,608,Percentage of children (aged 1-14 years) who experienced any physical punishment and/or psychological aggression by caregivers,2022,56.4,Female,,%,Reported,Free,End of fieldwork,1 to 14 years old
Philippines,PH,PHL,608,Percentage of children (aged 1-14 years) who experienced any physical punishment and/or psychological aggression by caregivers,2022,61.1,Male,,%,Reported,Free,End of fieldwork,1 to 14 years old
Philippines,PH,PHL,608,Percentage of children (aged 1-14 years) who experienced any physical punishment and/or psychological aggression by caregivers,2022,58.8,Total,,%,Reported,Free,End of fieldwork,1 to 14 years old
Qatar,QA,QAT,634,Percentage of children (aged 1-14 years) who experienced any physical punishment and/or psychological aggression by caregivers,2023,36.4,Female,,%,Reported,Free,End of fieldwork,1 to 14 years old
Qatar,QA,QAT,634,Percentage of children (aged 1-14 years) who experienced any physical punishment and/or psychological aggression by caregivers,2023,38.8,Male,,%,Reported,Free,End of fieldwork,1 to 14 years old
Qatar,QA,QAT,634,Percentage of children (aged 1-14 years) who experienced any physical punishment and/or psychological aggression by caregivers,2023,37.6,Total,,%,Reported,Free,End of fieldwork,1 to 14 years old
Samoa,WS,WSM,882,Percentage of children (aged 1-14 years) who experienced any physical punishment and/or psychological aggression by caregivers,2020,89.3,Female,,%,Reported,Free,End of fieldwork,1 to 14 years old
Samoa,WS,WSM,882,Percentage of children (aged 1-14 years) who experienced any physical punishment and/or psychological aggression by caregivers,2020,92.2,Male,,%,Reported,Free,End of fieldwork,1 to 14 years old
Samoa,WS,WSM,882,Percentage of children (aged 1-14 years) who experienced any physical punishment and/or psychological aggression by caregivers,2020,90.8,Total,,%,Reported,Free,End of fieldwork,1 to 14 years old
Sao Tome and Principe,ST,STP,678,Percentage of children (aged 1-14 years) who experienced any physical punishment and/or psychological aggression by caregivers,2019,82.4,Female,,%,Reported,Free,End of fieldwork,1 to 14 years old
Sao Tome and Principe,ST,STP,678,Percentage of children (aged 1-14 years) who experienced any physical punishment and/or psychological aggression by caregivers,2019,84.4,Male,,%,Reported,Free,End of fieldwork,1 to 14 years old
Sao Tome and Principe,ST,STP,678,Percentage of children (aged 1-14 years) who experienced any physical punishment and/or psychological aggression by caregivers,2019,83.5,Total,,%,Reported,Free,End of fieldwork,1 to 14 years old
Serbia,RS,SRB,688,Percentage of children (aged 1-14 years) who experienced any physical punishment and/or psychological aggression by caregivers,2019,42.5,Female,,%,Reported,Free,End of fieldwork,1 to 14 years old
Serbia,RS,SRB,688,Percentage of children (aged 1-14 years) who experienced any physical punishment and/or psychological aggression by caregivers,2019,46.3,Male,,%,Reported,Free,End of fieldwork,1 to 14 years old
Serbia,RS,SRB,688,Percentage of children (aged 1-14 years) who experienced any physical punishment and/or psychological aggression by caregivers,2019,44.5,Total,,%,Reported,Free,End of fieldwork,1 to 14 years old
Sierra Leone,SL,SLE,694,Percentage of children (aged 1-14 years) who experienced any physical punishment and/or psychological aggression by caregivers,2017,86,Female,,%,Reported,Free,End of fieldwork,1 to 14 years old
Sierra Leone,SL,SLE,694,Percentage of children (aged 1-14 years) who experienced any physical punishment and/or psychological aggression by caregivers,2017,87,Male,,%,Reported,Free,End of fieldwork,1 to 14 years old
Sierra Leone,SL,SLE,694,Percentage of children (aged 1-14 years) who experienced any physical punishment and/or psychological aggression by caregivers,2017,86.5,Total,,%,Reported,Free,End of fieldwork,1 to 14 years old
Sri Lanka,LK,LKA,144,Percentage of children (aged 1-14 years) who experienced any physical punishment and/or psychological aggression by caregivers,2019,48.2,Female,,%,Reanalysed,Free,End of fieldwork,1 to 14 years old
Sri Lanka,LK,LKA,144,Percentage of children (aged 1-14 years) who experienced any physical punishment and/or psychological aggression by caregivers,2019,53.4,Male,,%,Reanalysed,Free,End of fieldwork,1 to 14 years old
Sri Lanka,LK,LKA,144,Percentage of children (aged 1-14 years) who experienced any physical punishment and/or psychological aggression by caregivers,2019,50.8,Total,,%,Reanalysed,Free,End of fieldwork,1 to 14 years old
"Palestinian Territory, Occupied",PS,PSE,275,Percentage of children (aged 1-14 years) who experienced any physical punishment and/or psychological aggression by caregivers,2020,87.9,Female,,%,Reported,Free,End of fieldwork,1 to 14 years old
"Palestinian Territory, Occupied",PS,PSE,275,Percentage of children (aged 1-14 years) who experienced any physical punishment and/or psychological aggression by caregivers,2020,92.3,Male,,%,Reported,Free,End of fieldwork,1 to 14 years old
"Palestinian Territory, Occupied",PS,PSE,275,Percentage of children (aged 1-14 years) who experienced any physical punishment and/or psychological aggression by caregivers,2020,90.1,Total,,%,Reported,Free,End of fieldwork,1 to 14 years old
Sudan,SD,SDN,736,Percentage of children (aged 1-14 years) who experienced any physical punishment and/or psychological aggression by caregivers,2014,63.4,Female,,%,Reported,Free,End of fieldwork,1 to 14 years old
Sudan,SD,SDN,736,Percentage of children (aged 1-14 years) who experienced any physical punishment and/or psychological aggression by caregivers,2014,64.5,Male,,%,Reported,Free,End of fieldwork,1 to 14 years old
Sudan,SD,SDN,736,Percentage of children (aged 1-14 years) who experienced any physical punishment and/or psychological aggression by caregivers,2014,63.9,Total,,%,Reported,Free,End of fieldwork,1 to 14 years old
Suriname,SR,SUR,740,Percentage of children (aged 1-14 years) who experienced any physical punishment and/or psychological aggression by caregivers,2018,85.8,Female,,%,Reported,Free,End of fieldwork,1 to 14 years old
Suriname,SR,SUR,740,Percentage of children (aged 1-14 years) who experienced any physical punishment and/or psychological aggression by caregivers,2018,88.7,Male,,%,Reported,Free,End of fieldwork,1 to 14 years old
Suriname,SR,SUR,740,Percentage of children (aged 1-14 years) who experienced any physical punishment and/or psychological aggression by caregivers,2018,87.3,Total,,%,Reported,Free,End of fieldwork,1 to 14 years old
Tajikistan,TJ,TJK,762,Percentage of children (aged 1-14 years) who experienced any physical punishment and/or psychological aggression by caregivers,2017,67.6,Female,,%,Reported,Free,End of fieldwork,1 to 14 years old
Tajikistan,TJ,TJK,762,Percentage of children (aged 1-14 years) who experienced any physical punishment and/or psychological aggression by caregivers,2017,70.3,Male,,%,Reported,Free,End of fieldwork,1 to 14 years old
Tajikistan,TJ,TJK,762,Percentage of children (aged 1-14 years) who experienced any physical punishment and/or psychological aggression by caregivers,2017,69,Total,,%,Reported,Free,End of fieldwork,1 to 14 years old
Thailand,TH,THA,764,Percentage of children (aged 1-14 years) who experienced any physical punishment and/or psychological aggression by caregivers,2022,51.3,Female,,%,Reported,Free,End of fieldwork,1 to 14 years old
Thailand,TH,THA,764,Percentage of children (aged 1-14 years) who experienced any physical punishment and/or psychological aggression by caregivers,2022,56,Male,,%,Reported,Free,End of fieldwork,1 to 14 years old
Thailand,TH,THA,764,Percentage of children (aged 1-14 years) who experienced any physical punishment and/or psychological aggression by caregivers,2022,53.8,Total,,%,Reported,Free,End of fieldwork,1 to 14 years old
Togo,TG,TGO,768,Percentage of children (aged 1-14 years) who experienced any physical punishment and/or psychological aggression by caregivers,2017,91.3,Female,,%,Reported,Free,End of fieldwork,1 to 14 years old
Togo,TG,TGO,768,Percentage of children (aged 1-14 years) who experienced any physical punishment and/or psychological aggression by caregivers,2017,92.3,Male,,%,Reported,Free,End of fieldwork,1 to 14 years old
Togo,TG,TGO,768,Percentage of children (aged 1-14 years) who experienced any physical punishment and/or psychological aggression by caregivers,2017,91.8,Total,,%,Reported,Free,End of fieldwork,1 to 14 years old
Tonga,TO,TON,776,Percentage of children (aged 1-14 years) who experienced any physical punishment and/or psychological aggression by caregivers,2019,84.4,Female,,%,Reported,Free,End of fieldwork,1 to 14 years old
Tonga,TO,TON,776,Percentage of children (aged 1-14 years) who experienced any physical punishment and/or psychological aggression by caregivers,2019,88.7,Male,,%,Reported,Free,End of fieldwork,1 to 14 years old
Tonga,TO,TON,776,Percentage of children (aged 1-14 years) who experienced any physical punishment and/or psychological aggression by caregivers,2019,86.6,Total,,%,Reported,Free,End of fieldwork,1 to 14 years old
Trinidad and Tobago,TT,TTO,780,Percentage of children (aged 1-14 years) who experienced any physical punishment and/or psychological aggression by caregivers,2022,65,Female,,%,Reported,Free,End of fieldwork,1 to 14 years old
Trinidad and Tobago,TT,TTO,780,Percentage of children (aged 1-14 years) who experienced any physical punishment and/or psychological aggression by caregivers,2022,69.5,Male,,%,Reported,Free,End of fieldwork,1 to 14 years old
Trinidad and Tobago,TT,TTO,780,Percentage of children (aged 1-14 years) who experienced any physical punishment and/or psychological aggression by caregivers,2022,67.2,Total,,%,Reported,Free,End of fieldwork,1 to 14 years old
Tunisia,TN,TUN,788,Percentage of children (aged 1-14 years) who experienced any physical punishment and/or psychological aggression by caregivers,2023,78.3,Female,,%,Reported,Free,End of fieldwork,1 to 14 years old
Tunisia,TN,TUN,788,Percentage of children (aged 1-14 years) who experienced any physical punishment and/or psychological aggression by caregivers,2023,83.5,Male,,%,Reported,Free,End of fieldwork,1 to 14 years old
Tunisia,TN,TUN,788,Percentage of children (aged 1-14 years) who experienced any physical punishment and/or psychological aggression by caregivers,2023,80.9,Total,,%,Reported,Free,End of fieldwork,1 to 14 years old
Turkmenistan,TM,TKM,795,Percentage of children (aged 1-14 years) who experienced any physical punishment and/or psychological aggression by caregivers,2019,67.4,Female,,%,Reported,Free,End of fieldwork,1 to 14 years old
Turkmenistan,TM,TKM,795,Percentage of children (aged 1-14 years) who experienced any physical punishment and/or psychological aggression by caregivers,2019,69.7,Male,,%,Reported,Free,End of fieldwork,1 to 14 years old
Turkmenistan,TM,TKM,795,Percentage of children (aged 1-14 years) who experienced any physical punishment and/or psychological aggression by caregivers,2019,68.6,Total,,%,Reported,Free,End of fieldwork,1 to 14 years old
Turks and Caicos Islands,TC,TCA,796,Percentage of children (aged 1-14 years) who experienced any physical punishment and/or psychological aggression by caregivers,2020,77.7,Female,,%,Reported,Free,End of fieldwork,1 to 14 years old
Turks and Caicos Islands,TC,TCA,796,Percentage of children (aged 1-14 years) who experienced any physical punishment and/or psychological aggression by caregivers,2020,80.6,Male,,%,Reported,Free,End of fieldwork,1 to 14 years old
Turks and Caicos Islands,TC,TCA,796,Percentage of children (aged 1-14 years) who experienced any physical punishment and/or psychological aggression by caregivers,2020,79.1,Total,,%,Reported,Free,End of fieldwork,1 to 14 years old
Tuvalu,TV,TUV,798,Percentage of children (aged 1-14 years) who experienced any physical punishment and/or psychological aggression by caregivers,2020,77.9,Female,,%,Reported,Free,End of fieldwork,1 to 14 years old
Tuvalu,TV,TUV,798,Percentage of children (aged 1-14 years) who experienced any physical punishment and/or psychological aggression by caregivers,2020,81.2,Male,,%,Reported,Free,End of fieldwork,1 to 14 years old
Tuvalu,TV,TUV,798,Percentage of children (aged 1-14 years) who experienced any physical punishment and/or psychological aggression by caregivers,2020,79.7,Total,,%,Reported,Free,End of fieldwork,1 to 14 years old
Turkey,TR,TUR,792,Percentage of children (aged 1-14 years) who experienced any physical punishment and/or psychological aggression by caregivers,2022,54.1,Female,,%,Reported,Free,End of fieldwork,1 to 14 years old
Turkey,TR,TUR,792,Percentage of children (aged 1-14 years) who experienced any physical punishment and/or psychological aggression by caregivers,2022,56.9,Male,,%,Reported,Free,End of fieldwork,1 to 14 years old
Turkey,TR,TUR,792,Percentage of children (aged 1-14 years) who experienced any physical punishment and/or psychological aggression by caregivers,2022,55.6,Total,,%,Reported,Free,End of fieldwork,1 to 14 years old
Uganda,UG,UGA,800,Percentage of children (aged 1-14 years) who experienced any physical punishment and/or psychological aggression by caregivers,2016,84.6,Female,,%,Reported,Free,End of fieldwork,1 to 14 years old
Uganda,UG,UGA,800,Percentage of children (aged 1-14 years) who experienced any physical punishment and/or psychological aggression by caregivers,2016,85.2,Male,,%,Reported,Free,End of fieldwork,1 to 14 years old
Uganda,UG,UGA,800,Percentage of children (aged 1-14 years) who experienced any physical punishment and/or psychological aggression by caregivers,2016,84.9,Total,,%,Reported,Free,End of fieldwork,1 to 14 years old
Uzbekistan,UZ,UZB,860,Percentage of children (aged 1-14 years) who experienced any physical punishment and/or psychological aggression by caregivers,2022,60.4,Female,,%,Reported,Free,End of fieldwork,1 to 14 years old
Uzbekistan,UZ,UZB,860,Percentage of children (aged 1-14 years) who experienced any physical punishment and/or psychological aggression by caregivers,2022,63.9,Male,,%,Reported,Free,End of fieldwork,1 to 14 years old
Uzbekistan,UZ,UZB,860,Percentage of children (aged 1-14 years) who experienced any physical punishment and/or psychological aggression by caregivers,2022,62.2,Total,,%,Reported,Free,End of fieldwork,1 to 14 years old
Vanuatu,VU,VUT,548,Percentage of children (aged 1-14 years) who experienced any physical punishment and/or psychological aggression by caregivers,2023,87.8,Female,,%,Reported,Free,End of fieldwork,1 to 14 years old
Vanuatu,VU,VUT,548,Percentage of children (aged 1-14 years) who experienced any physical punishment and/or psychological aggression by caregivers,2023,89.5,Male,,%,Reported,Free,End of fieldwork,1 to 14 years old
Vanuatu,VU,VUT,548,Percentage of children (aged 1-14 years) who experienced any physical punishment and/or psychological aggression by caregivers,2023,88.7,Total,,%,Reported,Free,End of fieldwork,1 to 14 years old
Viet Nam,VN,VNM,704,Percentage of children (aged 1-14 years) who experienced any physical punishment and/or psychological aggression by caregivers,2021,70.3,Female,,%,Reported,Free,End of fieldwork,1 to 14 years old
Viet Nam,VN,VNM,704,Percentage of children (aged 1-14 years) who experienced any physical punishment and/or psychological aggression by caregivers,2021,74.4,Male,,%,Reported,Free,End of fieldwork,1 to 14 years old
Viet Nam,VN,VNM,704,Percentage of children (aged 1-14 years) who experienced any physical punishment and/or psychological aggression by caregivers,2021,72.4,Total,,%,Reported,Free,End of fieldwork,1 to 14 years old
Yemen,YE,YEM,887,Percentage of children (aged 1-14 years) who experienced any physical punishment and/or psychological aggression by caregivers,2023,85.3,Female,,%,Reported,Free,End of fieldwork,1 to 14 years old
Yemen,YE,YEM,887,Percentage of children (aged 1-14 years) who experienced any physical punishment and/or psychological aggression by caregivers,2023,85.8,Male,,%,Reported,Free,End of fieldwork,1 to 14 years old
Yemen,YE,YEM,887,Percentage of children (aged 1-14 years) who experienced any physical punishment and/or psychological aggression by caregivers,2023,85.5,Total,,%,Reported,Free,End of fieldwork,1 to 14 years old
Zimbabwe,ZW,ZWE,716,Percentage of children (aged 1-14 years) who experienced any physical punishment and/or psychological aggression by caregivers,2019,63.1,Female,,%,Reported,Free,End of fieldwork,1 to 14 years old
Zimbabwe,ZW,ZWE,716,Percentage of children (aged 1-14 years) who experienced any physical punishment and/or psychological aggression by caregivers,2019,65.1,Male,,%,Reported,Free,End of fieldwork,1 to 14 years old
Zimbabwe,ZW,ZWE,716,Percentage of children (aged 1-14 years) who experienced any physical punishment and/or psychological aggression by caregivers,2019,64.1,Total,,%,Reported,Free,End of fieldwork,1 to 14 years old
